media_id,movie_id,mediaType,mediaPath
1,1,poster,https://images.pexels.com/photos/2923156/pexels-photo-2923156.jpeg?_gl=1*1whassc*_ga*NjYwMDgyODQ3LjE3NTk1MDA1OTY.*_ga_8JE65Q40S6*czE3NTk1MDA1OTUkbzEkZzEkdDE3NTk1MDA2MDAkajU1JGwwJGgw
2,1,poster,https://images.pexels.com/photos/2923156/pexels-photo-2923156.jpeg?_gl=1*1whassc*_ga*NjYwMDgyODQ3LjE3NTk1MDA1OTY.*_ga_8JE65Q40S6*czE3NTk1MDA1OTUkbzEkZzEkdDE3NTk1MDA2MDAkajU2JGwwJGgw
3,1,poster,https://images.pexels.com/photos/2923156/pexels-photo-2923156.jpeg?_gl=1*1whassc*_ga*NjYwMDgyODQ3LjE3NTk1MDA1OTY.*_ga_8JE65Q40S6*czE3NTk1MDA1OTUkbzEkZzEkdDE3NTk1MDA2MDAkajU3JGwwJGgw
4,1,poster,https://images.pexels.com/photos/2923156/pexels-photo-2923156.jpeg?_gl=1*1whassc*_ga*NjYwMDgyODQ3LjE3NTk1MDA1OTY.*_ga_8JE65Q40S6*czE3NTk1MDA1OTUkbzEkZzEkdDE3NTk1MDA2MDAkajU4JGwwJGgw
1,2,poster,https://images.pexels.com/photos/2923156/pexels-photo-2923156.jpeg?_gl=1*1whassc*_ga*NjYwMDgyODQ3LjE3NTk1MDA1OTY.*_ga_8JE65Q40S6*czE3NTk1MDA1OTUkbzEkZzEkdDE3NTk1MDA2MDAkajU5JGwwJGgw
2,2,poster,https://images.pexels.com/photos/2923156/pexels-photo-2923156.jpeg?_gl=1*1whassc*_ga*NjYwMDgyODQ3LjE3NTk1MDA1OTY.*_ga_8JE65Q40S6*czE3NTk1MDA1OTUkbzEkZzEkdDE3NTk1MDA2MDAkajU6JGwwJGgw
3,2,poster,https://images.pexels.com/photos/2923156/pexels-photo-2923156.jpeg?_gl=1*1whassc*_ga*NjYwMDgyODQ3LjE3NTk1MDA1OTY.*_ga_8JE65Q40S6*czE3NTk1MDA1OTUkbzEkZzEkdDE3NTk1MDA2MDAkajU7JGwwJGgw
4,2,poster,https://images.pexels.com/photos/2923156/pexels-photo-2923156.jpeg?_gl=1*1whassc*_ga*NjYwMDgyODQ3LjE3NTk1MDA1OTY.*_ga_8JE65Q40S6*czE3NTk1MDA1OTUkbzEkZzEkdDE3NTk1MDA2MDAkajU8JGwwJGgw
1,3,poster,https://images.pexels.com/photos/2923156/pexels-photo-2923156.jpeg?_gl=1*1whassc*_ga*NjYwMDgyODQ3LjE3NTk1MDA1OTY.*_ga_8JE65Q40S6*czE3NTk1MDA1OTUkbzEkZzEkdDE3NTk1MDA2MDAkajU9JGwwJGgw
2,3,poster,https://images.pexels.com/photos/2923156/pexels-photo-2923156.jpeg?_gl=1*1whassc*_ga*NjYwMDgyODQ3LjE3NTk1MDA1OTY.*_ga_8JE65Q40S6*czE3NTk1MDA1OTUkbzEkZzEkdDE3NTk1MDA2MDAkajU10JGwwJGgw
3,3,poster,https://images.pexels.com/photos/2923156/pexels-photo-2923156.jpeg?_gl=1*1whassc*_ga*NjYwMDgyODQ3LjE3NTk1MDA1OTY.*_ga_8JE65Q40S6*czE3NTk1MDA1OTUkbzEkZzEkdDE3NTk1MDA2MDAkajU11JGwwJGgw
4,3,poster,https://images.pexels.com/photos/2923156/pexels-photo-2923156.jpeg?_gl=1*1whassc*_ga*NjYwMDgyODQ3LjE3NTk1MDA1OTY.*_ga_8JE65Q40S6*czE3NTk1MDA1OTUkbzEkZzEkdDE3NTk1MDA2MDAkajU12JGwwJGgw
1,4,poster,https://images.pexels.com/photos/2923156/pexels-photo-2923156.jpeg?_gl=1*1whassc*_ga*NjYwMDgyODQ3LjE3NTk1MDA1OTY.*_ga_8JE65Q40S6*czE3NTk1MDA1OTUkbzEkZzEkdDE3NTk1MDA2MDAkajU13JGwwJGgw
2,4,poster,https://images.pexels.com/photos/2923156/pexels-photo-2923156.jpeg?_gl=1*1whassc*_ga*NjYwMDgyODQ3LjE3NTk1MDA1OTY.*_ga_8JE65Q40S6*czE3NTk1MDA1OTUkbzEkZzEkdDE3NTk1MDA2MDAkajU14JGwwJGgw
3,4,poster,https://images.pexels.com/photos/2923156/pexels-photo-2923156.jpeg?_gl=1*1whassc*_ga*NjYwMDgyODQ3LjE3NTk1MDA1OTY.*_ga_8JE65Q40S6*czE3NTk1MDA1OTUkbzEkZzEkdDE3NTk1MDA2MDAkajU15JGwwJGgw
4,4,poster,https://images.pexels.com/photos/2923156/pexels-photo-2923156.jpeg?_gl=1*1whassc*_ga*NjYwMDgyODQ3LjE3NTk1MDA1OTY.*_ga_8JE65Q40S6*czE3NTk1MDA1OTUkbzEkZzEkdDE3NTk1MDA2MDAkajU16JGwwJGgw
1,5,poster,https://images.pexels.com/photos/2923156/pexels-photo-2923156.jpeg?_gl=1*1whassc*_ga*NjYwMDgyODQ3LjE3NTk1MDA1OTY.*_ga_8JE65Q40S6*czE3NTk1MDA1OTUkbzEkZzEkdDE3NTk1MDA2MDAkajU17JGwwJGgw
2,5,poster,https://images.pexels.com/photos/2923156/pexels-photo-2923156.jpeg?_gl=1*1whassc*_ga*NjYwMDgyODQ3LjE3NTk1MDA1OTY.*_ga_8JE65Q40S6*czE3NTk1MDA1OTUkbzEkZzEkdDE3NTk1MDA2MDAkajU18JGwwJGgw
3,5,poster,https://images.pexels.com/photos/2923156/pexels-photo-2923156.jpeg?_gl=1*1whassc*_ga*NjYwMDgyODQ3LjE3NTk1MDA1OTY.*_ga_8JE65Q40S6*czE3NTk1MDA1OTUkbzEkZzEkdDE3NTk1MDA2MDAkajU19JGwwJGgw
4,5,poster,https://images.pexels.com/photos/2923156/pexels-photo-2923156.jpeg?_gl=1*1whassc*_ga*NjYwMDgyODQ3LjE3NTk1MDA1OTY.*_ga_8JE65Q40S6*czE3NTk1MDA1OTUkbzEkZzEkdDE3NTk1MDA2MDAkajU20JGwwJGgw
1,6,poster,https://images.pexels.com/photos/2923156/pexels-photo-2923156.jpeg?_gl=1*1whassc*_ga*NjYwMDgyODQ3LjE3NTk1MDA1OTY.*_ga_8JE65Q40S6*czE3NTk1MDA1OTUkbzEkZzEkdDE3NTk1MDA2MDAkajU21JGwwJGgw
2,6,poster,https://images.pexels.com/photos/2923156/pexels-photo-2923156.jpeg?_gl=1*1whassc*_ga*NjYwMDgyODQ3LjE3NTk1MDA1OTY.*_ga_8JE65Q40S6*czE3NTk1MDA1OTUkbzEkZzEkdDE3NTk1MDA2MDAkajU22JGwwJGgw
3,6,poster,https://images.pexels.com/photos/2923156/pexels-photo-2923156.jpeg?_gl=1*1whassc*_ga*NjYwMDgyODQ3LjE3NTk1MDA1OTY.*_ga_8JE65Q40S6*czE3NTk1MDA1OTUkbzEkZzEkdDE3NTk1MDA2MDAkajU23JGwwJGgw
4,6,poster,https://images.pexels.com/photos/2923156/pexels-photo-2923156.jpeg?_gl=1*1whassc*_ga*NjYwMDgyODQ3LjE3NTk1MDA1OTY.*_ga_8JE65Q40S6*czE3NTk1MDA1OTUkbzEkZzEkdDE3NTk1MDA2MDAkajU24JGwwJGgw
1,7,poster,https://images.pexels.com/photos/2923156/pexels-photo-2923156.jpeg?_gl=1*1whassc*_ga*NjYwMDgyODQ3LjE3NTk1MDA1OTY.*_ga_8JE65Q40S6*czE3NTk1MDA1OTUkbzEkZzEkdDE3NTk1MDA2MDAkajU25JGwwJGgw
2,7,poster,https://images.pexels.com/photos/2923156/pexels-photo-2923156.jpeg?_gl=1*1whassc*_ga*NjYwMDgyODQ3LjE3NTk1MDA1OTY.*_ga_8JE65Q40S6*czE3NTk1MDA1OTUkbzEkZzEkdDE3NTk1MDA2MDAkajU26JGwwJGgw
3,7,poster,https://images.pexels.com/photos/2923156/pexels-photo-2923156.jpeg?_gl=1*1whassc*_ga*NjYwMDgyODQ3LjE3NTk1MDA1OTY.*_ga_8JE65Q40S6*czE3NTk1MDA1OTUkbzEkZzEkdDE3NTk1MDA2MDAkajU27JGwwJGgw
4,7,poster,https://images.pexels.com/photos/2923156/pexels-photo-2923156.jpeg?_gl=1*1whassc*_ga*NjYwMDgyODQ3LjE3NTk1MDA1OTY.*_ga_8JE65Q40S6*czE3NTk1MDA1OTUkbzEkZzEkdDE3NTk1MDA2MDAkajU28JGwwJGgw
1,8,poster,https://images.pexels.com/photos/2923156/pexels-photo-2923156.jpeg?_gl=1*1whassc*_ga*NjYwMDgyODQ3LjE3NTk1MDA1OTY.*_ga_8JE65Q40S6*czE3NTk1MDA1OTUkbzEkZzEkdDE3NTk1MDA2MDAkajU29JGwwJGgw
2,8,poster,https://images.pexels.com/photos/2923156/pexels-photo-2923156.jpeg?_gl=1*1whassc*_ga*NjYwMDgyODQ3LjE3NTk1MDA1OTY.*_ga_8JE65Q40S6*czE3NTk1MDA1OTUkbzEkZzEkdDE3NTk1MDA2MDAkajU30JGwwJGgw
3,8,poster,https://images.pexels.com/photos/2923156/pexels-photo-2923156.jpeg?_gl=1*1whassc*_ga*NjYwMDgyODQ3LjE3NTk1MDA1OTY.*_ga_8JE65Q40S6*czE3NTk1MDA1OTUkbzEkZzEkdDE3NTk1MDA2MDAkajU31JGwwJGgw
4,8,poster,https://images.pexels.com/photos/2923156/pexels-photo-2923156.jpeg?_gl=1*1whassc*_ga*NjYwMDgyODQ3LjE3NTk1MDA1OTY.*_ga_8JE65Q40S6*czE3NTk1MDA1OTUkbzEkZzEkdDE3NTk1MDA2MDAkajU32JGwwJGgw
1,9,poster,https://images.pexels.com/photos/2923156/pexels-photo-2923156.jpeg?_gl=1*1whassc*_ga*NjYwMDgyODQ3LjE3NTk1MDA1OTY.*_ga_8JE65Q40S6*czE3NTk1MDA1OTUkbzEkZzEkdDE3NTk1MDA2MDAkajU33JGwwJGgw
2,9,poster,https://images.pexels.com/photos/2923156/pexels-photo-2923156.jpeg?_gl=1*1whassc*_ga*NjYwMDgyODQ3LjE3NTk1MDA1OTY.*_ga_8JE65Q40S6*czE3NTk1MDA1OTUkbzEkZzEkdDE3NTk1MDA2MDAkajU34JGwwJGgw
3,9,poster,https://images.pexels.com/photos/2923156/pexels-photo-2923156.jpeg?_gl=1*1whassc*_ga*NjYwMDgyODQ3LjE3NTk1MDA1OTY.*_ga_8JE65Q40S6*czE3NTk1MDA1OTUkbzEkZzEkdDE3NTk1MDA2MDAkajU35JGwwJGgw
4,9,poster,https://images.pexels.com/photos/2923156/pexels-photo-2923156.jpeg?_gl=1*1whassc*_ga*NjYwMDgyODQ3LjE3NTk1MDA1OTY.*_ga_8JE65Q40S6*czE3NTk1MDA1OTUkbzEkZzEkdDE3NTk1MDA2MDAkajU36JGwwJGgw
1,10,poster,https://images.pexels.com/photos/2923156/pexels-photo-2923156.jpeg?_gl=1*1whassc*_ga*NjYwMDgyODQ3LjE3NTk1MDA1OTY.*_ga_8JE65Q40S6*czE3NTk1MDA1OTUkbzEkZzEkdDE3NTk1MDA2MDAkajU37JGwwJGgw
2,10,poster,https://images.pexels.com/photos/2923156/pexels-photo-2923156.jpeg?_gl=1*1whassc*_ga*NjYwMDgyODQ3LjE3NTk1MDA1OTY.*_ga_8JE65Q40S6*czE3NTk1MDA1OTUkbzEkZzEkdDE3NTk1MDA2MDAkajU38JGwwJGgw
3,10,poster,https://images.pexels.com/photos/2923156/pexels-photo-2923156.jpeg?_gl=1*1whassc*_ga*NjYwMDgyODQ3LjE3NTk1MDA1OTY.*_ga_8JE65Q40S6*czE3NTk1MDA1OTUkbzEkZzEkdDE3NTk1MDA2MDAkajU39JGwwJGgw
4,10,poster,https://images.pexels.com/photos/2923156/pexels-photo-2923156.jpeg?_gl=1*1whassc*_ga*NjYwMDgyODQ3LjE3NTk1MDA1OTY.*_ga_8JE65Q40S6*czE3NTk1MDA1OTUkbzEkZzEkdDE3NTk1MDA2MDAkajU40JGwwJGgw
1,11,poster,https://images.pexels.com/photos/2923156/pexels-photo-2923156.jpeg?_gl=1*1whassc*_ga*NjYwMDgyODQ3LjE3NTk1MDA1OTY.*_ga_8JE65Q40S6*czE3NTk1MDA1OTUkbzEkZzEkdDE3NTk1MDA2MDAkajU41JGwwJGgw
2,11,poster,https://images.pexels.com/photos/2923156/pexels-photo-2923156.jpeg?_gl=1*1whassc*_ga*NjYwMDgyODQ3LjE3NTk1MDA1OTY.*_ga_8JE65Q40S6*czE3NTk1MDA1OTUkbzEkZzEkdDE3NTk1MDA2MDAkajU42JGwwJGgw
3,11,poster,https://images.pexels.com/photos/2923156/pexels-photo-2923156.jpeg?_gl=1*1whassc*_ga*NjYwMDgyODQ3LjE3NTk1MDA1OTY.*_ga_8JE65Q40S6*czE3NTk1MDA1OTUkbzEkZzEkdDE3NTk1MDA2MDAkajU43JGwwJGgw
4,11,poster,https://images.pexels.com/photos/2923156/pexels-photo-2923156.jpeg?_gl=1*1whassc*_ga*NjYwMDgyODQ3LjE3NTk1MDA1OTY.*_ga_8JE65Q40S6*czE3NTk1MDA1OTUkbzEkZzEkdDE3NTk1MDA2MDAkajU44JGwwJGgw
1,12,poster,https://images.pexels.com/photos/2923156/pexels-photo-2923156.jpeg?_gl=1*1whassc*_ga*NjYwMDgyODQ3LjE3NTk1MDA1OTY.*_ga_8JE65Q40S6*czE3NTk1MDA1OTUkbzEkZzEkdDE3NTk1MDA2MDAkajU45JGwwJGgw
2,12,poster,https://images.pexels.com/photos/2923156/pexels-photo-2923156.jpeg?_gl=1*1whassc*_ga*NjYwMDgyODQ3LjE3NTk1MDA1OTY.*_ga_8JE65Q40S6*czE3NTk1MDA1OTUkbzEkZzEkdDE3NTk1MDA2MDAkajU46JGwwJGgw
3,12,poster,https://images.pexels.com/photos/2923156/pexels-photo-2923156.jpeg?_gl=1*1whassc*_ga*NjYwMDgyODQ3LjE3NTk1MDA1OTY.*_ga_8JE65Q40S6*czE3NTk1MDA1OTUkbzEkZzEkdDE3NTk1MDA2MDAkajU47JGwwJGgw
4,12,poster,https://images.pexels.com/photos/2923156/pexels-photo-2923156.jpeg?_gl=1*1whassc*_ga*NjYwMDgyODQ3LjE3NTk1MDA1OTY.*_ga_8JE65Q40S6*czE3NTk1MDA1OTUkbzEkZzEkdDE3NTk1MDA2MDAkajU48JGwwJGgw
1,13,poster,https://images.pexels.com/photos/2923156/pexels-photo-2923156.jpeg?_gl=1*1whassc*_ga*NjYwMDgyODQ3LjE3NTk1MDA1OTY.*_ga_8JE65Q40S6*czE3NTk1MDA1OTUkbzEkZzEkdDE3NTk1MDA2MDAkajU49JGwwJGgw
2,13,poster,https://images.pexels.com/photos/2923156/pexels-photo-2923156.jpeg?_gl=1*1whassc*_ga*NjYwMDgyODQ3LjE3NTk1MDA1OTY.*_ga_8JE65Q40S6*czE3NTk1MDA1OTUkbzEkZzEkdDE3NTk1MDA2MDAkajU50JGwwJGgw
3,13,poster,https://images.pexels.com/photos/2923156/pexels-photo-2923156.jpeg?_gl=1*1whassc*_ga*NjYwMDgyODQ3LjE3NTk1MDA1OTY.*_ga_8JE65Q40S6*czE3NTk1MDA1OTUkbzEkZzEkdDE3NTk1MDA2MDAkajU51JGwwJGgw
4,13,poster,https://images.pexels.com/photos/2923156/pexels-photo-2923156.jpeg?_gl=1*1whassc*_ga*NjYwMDgyODQ3LjE3NTk1MDA1OTY.*_ga_8JE65Q40S6*czE3NTk1MDA1OTUkbzEkZzEkdDE3NTk1MDA2MDAkajU52JGwwJGgw
1,14,poster,https://images.pexels.com/photos/2923156/pexels-photo-2923156.jpeg?_gl=1*1whassc*_ga*NjYwMDgyODQ3LjE3NTk1MDA1OTY.*_ga_8JE65Q40S6*czE3NTk1MDA1OTUkbzEkZzEkdDE3NTk1MDA2MDAkajU53JGwwJGgw
2,14,poster,https://images.pexels.com/photos/2923156/pexels-photo-2923156.jpeg?_gl=1*1whassc*_ga*NjYwMDgyODQ3LjE3NTk1MDA1OTY.*_ga_8JE65Q40S6*czE3NTk1MDA1OTUkbzEkZzEkdDE3NTk1MDA2MDAkajU54JGwwJGgw
3,14,poster,https://images.pexels.com/photos/2923156/pexels-photo-2923156.jpeg?_gl=1*1whassc*_ga*NjYwMDgyODQ3LjE3NTk1MDA1OTY.*_ga_8JE65Q40S6*czE3NTk1MDA1OTUkbzEkZzEkdDE3NTk1MDA2MDAkajU55JGwwJGgw
4,14,poster,https://images.pexels.com/photos/2923156/pexels-photo-2923156.jpeg?_gl=1*1whassc*_ga*NjYwMDgyODQ3LjE3NTk1MDA1OTY.*_ga_8JE65Q40S6*czE3NTk1MDA1OTUkbzEkZzEkdDE3NTk1MDA2MDAkajU56JGwwJGgw
1,15,poster,https://images.pexels.com/photos/2923156/pexels-photo-2923156.jpeg?_gl=1*1whassc*_ga*NjYwMDgyODQ3LjE3NTk1MDA1OTY.*_ga_8JE65Q40S6*czE3NTk1MDA1OTUkbzEkZzEkdDE3NTk1MDA2MDAkajU57JGwwJGgw
2,15,poster,https://images.pexels.com/photos/2923156/pexels-photo-2923156.jpeg?_gl=1*1whassc*_ga*NjYwMDgyODQ3LjE3NTk1MDA1OTY.*_ga_8JE65Q40S6*czE3NTk1MDA1OTUkbzEkZzEkdDE3NTk1MDA2MDAkajU58JGwwJGgw
3,15,poster,https://images.pexels.com/photos/2923156/pexels-photo-2923156.jpeg?_gl=1*1whassc*_ga*NjYwMDgyODQ3LjE3NTk1MDA1OTY.*_ga_8JE65Q40S6*czE3NTk1MDA1OTUkbzEkZzEkdDE3NTk1MDA2MDAkajU59JGwwJGgw
4,15,poster,https://images.pexels.com/photos/2923156/pexels-photo-2923156.jpeg?_gl=1*1whassc*_ga*NjYwMDgyODQ3LjE3NTk1MDA1OTY.*_ga_8JE65Q40S6*czE3NTk1MDA1OTUkbzEkZzEkdDE3NTk1MDA2MDAkajU60JGwwJGgw
1,16,poster,https://images.pexels.com/photos/2923156/pexels-photo-2923156.jpeg?_gl=1*1whassc*_ga*NjYwMDgyODQ3LjE3NTk1MDA1OTY.*_ga_8JE65Q40S6*czE3NTk1MDA1OTUkbzEkZzEkdDE3NTk1MDA2MDAkajU61JGwwJGgw
2,16,poster,https://images.pexels.com/photos/2923156/pexels-photo-2923156.jpeg?_gl=1*1whassc*_ga*NjYwMDgyODQ3LjE3NTk1MDA1OTY.*_ga_8JE65Q40S6*czE3NTk1MDA1OTUkbzEkZzEkdDE3NTk1MDA2MDAkajU62JGwwJGgw
3,16,poster,https://images.pexels.com/photos/2923156/pexels-photo-2923156.jpeg?_gl=1*1whassc*_ga*NjYwMDgyODQ3LjE3NTk1MDA1OTY.*_ga_8JE65Q40S6*czE3NTk1MDA1OTUkbzEkZzEkdDE3NTk1MDA2MDAkajU63JGwwJGgw
4,16,poster,https://images.pexels.com/photos/2923156/pexels-photo-2923156.jpeg?_gl=1*1whassc*_ga*NjYwMDgyODQ3LjE3NTk1MDA1OTY.*_ga_8JE65Q40S6*czE3NTk1MDA1OTUkbzEkZzEkdDE3NTk1MDA2MDAkajU64JGwwJGgw
1,17,poster,https://images.pexels.com/photos/2923156/pexels-photo-2923156.jpeg?_gl=1*1whassc*_ga*NjYwMDgyODQ3LjE3NTk1MDA1OTY.*_ga_8JE65Q40S6*czE3NTk1MDA1OTUkbzEkZzEkdDE3NTk1MDA2MDAkajU65JGwwJGgw
2,17,poster,https://images.pexels.com/photos/2923156/pexels-photo-2923156.jpeg?_gl=1*1whassc*_ga*NjYwMDgyODQ3LjE3NTk1MDA1OTY.*_ga_8JE65Q40S6*czE3NTk1MDA1OTUkbzEkZzEkdDE3NTk1MDA2MDAkajU66JGwwJGgw
3,17,poster,https://images.pexels.com/photos/2923156/pexels-photo-2923156.jpeg?_gl=1*1whassc*_ga*NjYwMDgyODQ3LjE3NTk1MDA1OTY.*_ga_8JE65Q40S6*czE3NTk1MDA1OTUkbzEkZzEkdDE3NTk1MDA2MDAkajU67JGwwJGgw
4,17,poster,https://images.pexels.com/photos/2923156/pexels-photo-2923156.jpeg?_gl=1*1whassc*_ga*NjYwMDgyODQ3LjE3NTk1MDA1OTY.*_ga_8JE65Q40S6*czE3NTk1MDA1OTUkbzEkZzEkdDE3NTk1MDA2MDAkajU68JGwwJGgw
1,18,poster,https://images.pexels.com/photos/2923156/pexels-photo-2923156.jpeg?_gl=1*1whassc*_ga*NjYwMDgyODQ3LjE3NTk1MDA1OTY.*_ga_8JE65Q40S6*czE3NTk1MDA1OTUkbzEkZzEkdDE3NTk1MDA2MDAkajU69JGwwJGgw
2,18,poster,https://images.pexels.com/photos/2923156/pexels-photo-2923156.jpeg?_gl=1*1whassc*_ga*NjYwMDgyODQ3LjE3NTk1MDA1OTY.*_ga_8JE65Q40S6*czE3NTk1MDA1OTUkbzEkZzEkdDE3NTk1MDA2MDAkajU70JGwwJGgw
3,18,poster,https://images.pexels.com/photos/2923156/pexels-photo-2923156.jpeg?_gl=1*1whassc*_ga*NjYwMDgyODQ3LjE3NTk1MDA1OTY.*_ga_8JE65Q40S6*czE3NTk1MDA1OTUkbzEkZzEkdDE3NTk1MDA2MDAkajU71JGwwJGgw
4,18,poster,https://images.pexels.com/photos/2923156/pexels-photo-2923156.jpeg?_gl=1*1whassc*_ga*NjYwMDgyODQ3LjE3NTk1MDA1OTY.*_ga_8JE65Q40S6*czE3NTk1MDA1OTUkbzEkZzEkdDE3NTk1MDA2MDAkajU72JGwwJGgw
1,19,poster,https://images.pexels.com/photos/2923156/pexels-photo-2923156.jpeg?_gl=1*1whassc*_ga*NjYwMDgyODQ3LjE3NTk1MDA1OTY.*_ga_8JE65Q40S6*czE3NTk1MDA1OTUkbzEkZzEkdDE3NTk1MDA2MDAkajU73JGwwJGgw
2,19,poster,https://images.pexels.com/photos/2923156/pexels-photo-2923156.jpeg?_gl=1*1whassc*_ga*NjYwMDgyODQ3LjE3NTk1MDA1OTY.*_ga_8JE65Q40S6*czE3NTk1MDA1OTUkbzEkZzEkdDE3NTk1MDA2MDAkajU74JGwwJGgw
3,19,poster,https://images.pexels.com/photos/2923156/pexels-photo-2923156.jpeg?_gl=1*1whassc*_ga*NjYwMDgyODQ3LjE3NTk1MDA1OTY.*_ga_8JE65Q40S6*czE3NTk1MDA1OTUkbzEkZzEkdDE3NTk1MDA2MDAkajU75JGwwJGgw
4,19,poster,https://images.pexels.com/photos/2923156/pexels-photo-2923156.jpeg?_gl=1*1whassc*_ga*NjYwMDgyODQ3LjE3NTk1MDA1OTY.*_ga_8JE65Q40S6*czE3NTk1MDA1OTUkbzEkZzEkdDE3NTk1MDA2MDAkajU76JGwwJGgw
1,20,poster,https://images.pexels.com/photos/2923156/pexels-photo-2923156.jpeg?_gl=1*1whassc*_ga*NjYwMDgyODQ3LjE3NTk1MDA1OTY.*_ga_8JE65Q40S6*czE3NTk1MDA1OTUkbzEkZzEkdDE3NTk1MDA2MDAkajU77JGwwJGgw
2,20,poster,https://images.pexels.com/photos/2923156/pexels-photo-2923156.jpeg?_gl=1*1whassc*_ga*NjYwMDgyODQ3LjE3NTk1MDA1OTY.*_ga_8JE65Q40S6*czE3NTk1MDA1OTUkbzEkZzEkdDE3NTk1MDA2MDAkajU78JGwwJGgw
3,20,poster,https://images.pexels.com/photos/2923156/pexels-photo-2923156.jpeg?_gl=1*1whassc*_ga*NjYwMDgyODQ3LjE3NTk1MDA1OTY.*_ga_8JE65Q40S6*czE3NTk1MDA1OTUkbzEkZzEkdDE3NTk1MDA2MDAkajU79JGwwJGgw
4,20,poster,https://images.pexels.com/photos/2923156/pexels-photo-2923156.jpeg?_gl=1*1whassc*_ga*NjYwMDgyODQ3LjE3NTk1MDA1OTY.*_ga_8JE65Q40S6*czE3NTk1MDA1OTUkbzEkZzEkdDE3NTk1MDA2MDAkajU80JGwwJGgw
